﻿Név;Összes pont;Elmélet;Gyakorlat;Vizsgaeredmény
Nagy Béla;83;Sikeres;Sikertelen;Nem felelt meg
Kiss Elemér;117;Sikeres;Sikeres;Megfelelt
Horváth Katalin;43;Sikertelen;Sikertelen;Nem felelt meg
Varga Anna;160;Sikeres;Sikeres;Megfelelt
Dittrich Tibor;110;Sikeres;Sikertelen;Részvizsgát ismételhet
Timon Bence;132;Sikeres;Sikeres;Megfelelt
Kovács Balázs;105;Sikeres;Sikertelen;Részvizsgát ismételhet
Takács Gizelle;96;Sikeres;Sikertelen;Nem felelt meg
Konrád Ferenc;83;Sikeres;Sikertelen;Nem felelt meg
